,0,1
train,21.42724856100514,37.89821243286133
test,20.80599514980721,35.35918045043945
2,16.961845030152517,27.437028884887695
3,13.35067569822801,26.61797523498535
4,12.978011313466297,26.06389617919922
5,12.56266729288403,25.474166870117188
6,12.096175682272584,24.827590942382812
7,11.704760826440825,24.139404296875
8,11.467413586046298,23.627470016479492
9,11.079541862512237,22.99835777282715
10,10.73012891463103,22.512346267700195
11,10.458752542006096,21.9299373626709
12,10.133576926680913,21.44507598876953
13,9.900561104691597,20.892183303833008
14,9.717652679874174,20.444217681884766
15,9.513858760792491,19.900468826293945
16,9.280926847247825,19.44842529296875
17,9.019676827601447,18.92412757873535
18,8.889289303689084,18.484394073486328
19,8.70388850356084,17.968399047851562
20,8.540088218930343,17.531566619873047
21,8.233130660876304,17.03091812133789
22,8.168557687239213,16.613718032836914
23,8.02551571311691,16.105506896972656
24,7.870362024761746,15.706955909729004
25,7.554608477751732,15.199078559875488
26,7.340583308391396,14.78796672821045
27,7.279216528798181,14.29997444152832
28,7.101898645562175,13.893159866333008
29,6.858597040844765,13.444851875305176
30,6.65131320502694,12.984869003295898
31,6.492697224981746,12.54749870300293
32,6.33318662280601,12.130270004272461
33,6.236895607049626,11.657403945922852
34,6.25955758039408,11.377752304077148
35,6.099780310140785,10.796819686889648
36,5.913020405904932,10.517047882080078
37,5.771740356540031,9.976871490478516
38,5.643647882524948,9.727655410766602
39,5.452421734893518,9.203825950622559
40,5.311462724118124,8.976901054382324
41,5.172923669368208,8.454572677612305
42,5.047571445972288,8.224503517150879
43,4.808742604734996,7.773423671722412
44,4.774508406937385,7.522253036499023
45,4.668955175600675,7.084221839904785
46,4.552260410322587,6.847275733947754
47,4.447689824071845,6.442630290985107
48,4.356339311427864,6.212498188018799
49,4.273626331238447,5.881710052490234
50,4.159283616803482,5.6176300048828125
51,3.9918489045604115,5.381622791290283
52,4.0514013228723895,5.22913122177124
53,3.9237045434937268,4.903353691101074
54,3.9642099419449823,4.62876558303833
55,3.6748141392641753,4.4635772705078125
56,3.691405834271328,4.211822509765625
57,3.5896299871674624,4.117615222930908
58,3.496711641681352,3.871222734451294
59,3.415267900414213,3.666325092315674
60,3.3184074082754593,3.50321102142334
61,3.3280810639530745,3.4484777450561523
62,3.2151247883110368,3.1241912841796875
63,3.1269497347202693,2.967268943786621
64,3.0755685471896417,2.8878676891326904
65,3.001773058628148,2.7609503269195557
66,3.0753548856635162,2.882718324661255
67,3.147628772721846,3.109546422958374
68,3.177817217197044,3.0287387371063232
69,3.0691479235875594,2.756312608718872
70,2.9444735827424977,2.3590569496154785
71,2.8281952121232004,2.248140811920166
72,2.661729327668941,2.005253791809082
73,2.7783221501467654,2.408978223800659
74,2.8990192869734086,2.119401454925537
75,2.7467484043558263,2.6420578956604004
76,2.734608643428297,1.8770350217819214
77,2.577442349268524,2.5419578552246094
78,2.640697196525815,2.228494167327881
79,2.6953470874033214,2.630164623260498
80,2.5706985837037344,2.5260965824127197
81,2.6641705177476704,2.3991458415985107
82,2.5013652619333997,1.8888901472091675
83,2.4722111493432624,1.6335837841033936
84,2.3412406928643352,1.7767810821533203
85,2.353592395973435,1.4986904859542847
86,2.25911828771705,1.5737453699111938
87,2.34129850426148,1.8876399993896484
88,2.3652952256850064,2.1198205947875977
89,2.424238084266794,2.144000768661499
90,2.3640216427131993,2.0308403968811035
91,2.2253648171102136,1.4465311765670776
92,2.256150957866817,1.8533179759979248
93,2.2102824618542343,1.432045340538025
94,2.152921598435976,1.4692513942718506
95,2.166293541717682,2.426102876663208
96,2.232850848363312,1.6605621576309204
97,2.1343884014539065,1.4224772453308105
98,2.2270644852100108,3.695786714553833
99,2.383300933830252,1.8372620344161987
100,2.3244560674805617,1.9470754861831665
101,2.1209713309871994,1.4500529766082764
102,2.191894923012687,1.8808330297470093
103,2.1616654081921314,2.627415895462036
104,2.206116889064485,1.917248010635376
105,2.184642108574265,1.8047479391098022
106,2.0981107293771752,1.9054306745529175
107,2.13756634867282,1.787843108177185
108,2.019286253665226,1.7171090841293335
109,2.0220136930334314,1.5678356885910034
110,1.952940791857257,1.3730034828186035
111,1.9491096516824218,1.3719958066940308
112,1.943139804521942,1.3893507719039917
113,1.9219171977969327,1.9765539169311523
114,1.9639946961813466,2.018986463546753
115,2.198502599596261,2.027252674102783
116,2.0931722043655756,2.2849183082580566
117,2.023142307197088,1.5189793109893799
118,1.9222127882346756,2.1228184700012207
119,2.0316468909305243,1.7631059885025024
120,1.8174933092470975,1.533219337463379
121,1.8393995239107332,1.6747901439666748
122,1.8421121467148058,1.5660349130630493
123,1.994918305490988,1.713229775428772
124,1.8458127835582723,1.6703636646270752
125,1.8669575232718532,1.421020746231079
126,1.918178384954279,2.5286455154418945
127,2.0489682737808015,2.372694969177246
128,1.911065205221516,1.4588477611541748
129,1.798115858565725,1.5269047021865845
130,1.7745341537091366,1.6190563440322876
131,1.8552042709430028,1.369852900505066
132,1.7994413034506307,1.3610928058624268
133,1.8352181271739039,1.5917421579360962
134,1.787023408201918,1.7670397758483887
135,1.805487927647653,1.4747713804244995
136,1.9573534073999608,1.9332565069198608
137,1.9051335372588707,2.7744140625
138,2.049743607276241,1.739972472190857
139,1.9032801150034369,1.5562363862991333
140,1.7579613105745664,1.4188971519470215
141,1.8945548086582684,1.6229469776153564
142,1.8224014726981765,1.5910602807998657
143,1.8837938574155808,1.7240347862243652
144,1.8921674601688927,2.581853151321411
145,1.9753081404212764,1.4177206754684448
146,1.7893924504506573,1.85903799533844
147,1.9025517054257224,2.4660966396331787
148,1.935733200456316,1.5774489641189575
149,1.8475352774919105,1.3862009048461914
150,1.734272847330279,1.3470368385314941
151,1.7576985005908456,1.8397234678268433
152,1.8519523542883112,1.9309512376785278
153,1.8339369955853457,1.4007821083068848
154,1.8013808819404544,1.3522807359695435
155,1.6981189243307484,1.5077036619186401
156,1.7506270293574548,1.3583558797836304
157,1.7546153943635103,1.6700600385665894
158,1.9486388502285201,1.939727783203125
159,1.870321056916325,1.8521801233291626
160,1.8479579622668174,1.8007820844650269
161,1.9641657378323134,2.231064558029175
162,1.8819231131958112,1.6902567148208618
163,1.8341722635923026,1.978487491607666
164,1.9210801393832022,1.7657588720321655
165,1.9476182461739733,2.773145914077759
166,1.8982672947237003,1.4261212348937988
167,1.7415173049922175,1.6525607109069824
168,1.7841357120667451,1.4658598899841309
169,1.7673065039363918,1.69508695602417
170,1.7788647693016073,1.3403010368347168
171,1.7327193811887924,2.1421244144439697
172,1.8044707013169528,1.3754692077636719
173,1.7053766193321145,1.4879624843597412
174,1.7334857758971562,1.3805619478225708
175,1.8464486185531401,2.90970516204834
176,1.7864362447797464,1.5077329874038696
177,1.8330095338019363,3.2000865936279297
178,1.8381464371549447,2.2724130153656006
179,1.8917110781217032,2.249810218811035
180,1.8325633803128145,1.7131348848342896
181,1.8081850998393048,1.4446340799331665
182,1.7433341690956425,1.3317497968673706
183,1.682101733215723,1.4074039459228516
184,1.7249235952191702,1.3129606246948242
185,1.6936200298592716,1.4825693368911743
186,1.719782791282828,1.4583150148391724
187,1.6675013953511792,1.31381356716156
188,1.6374678456597105,1.3058040142059326
189,1.7357843595836275,1.4367843866348267
190,1.6977892128238212,1.3744925260543823
191,1.7248509862110717,1.2979995012283325
192,1.6852916908779763,1.295771598815918
193,1.7190468998780286,1.2974917888641357
194,1.7277174515871225,1.4989068508148193
195,1.9113758817213653,2.415994644165039
196,1.8185296419099373,1.817156434059143
197,1.7439708338291777,1.4701755046844482
198,1.6973452336032915,1.8415724039077759
199,1.7485716425995375,2.0676090717315674
200,1.8230528462443965,1.9486099481582642
201,1.8197343536124118,1.6640713214874268
202,1.7874484760645728,1.6858792304992676
203,1.7884254872822791,2.2832682132720947
204,1.882977834166075,1.591864824295044
205,1.7492681997128854,1.3311522006988525
206,1.6491385379885979,1.3937628269195557
207,1.6626479647662766,1.328582525253296
208,1.7004492325356926,1.340043544769287
209,1.7633710516229553,1.4100943803787231
210,1.7304246950302307,2.0639994144439697
211,1.8100913145755069,1.7446328401565552
212,1.659893882575396,1.377040147781372
213,1.7075308681632406,1.3011860847473145
214,1.6475985120380694,1.3248558044433594
215,1.6802109991687748,1.819730520248413
216,1.909253004459462,1.6830426454544067
217,1.7155523144535223,1.7006582021713257
218,1.7386954896775637,1.3089107275009155
219,1.7651682141593898,2.168799877166748
220,1.779866070999448,1.3182934522628784
221,1.6909314288489572,1.5777513980865479
222,1.6187690492148012,1.4804084300994873
223,1.7844306712729194,1.5780422687530518
224,1.705443623116554,1.4536046981811523
225,1.6542059439967334,1.2722158432006836
226,1.6798144406588689,1.368711233139038
227,1.7264759208757876,1.2677785158157349
228,1.8363703294997697,1.9270116090774536
229,1.9603926310502962,1.7630932331085205
230,1.8145614861487196,1.71697199344635
231,1.7435427667333643,1.7096710205078125
232,1.6653473594926766,1.3481953144073486
233,1.6942831126985713,1.347455620765686
234,1.6756500564769214,1.3238884210586548
235,1.7213198840260076,1.265499234199524
236,1.6711623645277562,1.270642876625061
237,1.6256967222017433,1.298149824142456
238,1.6613639638955755,1.39215087890625
239,1.642079880440956,1.7459361553192139
240,1.765634657957576,1.7602864503860474
241,1.689302846341788,1.264985203742981
242,1.643843250605026,1.2999868392944336
243,1.6279246857226444,1.2651515007019043
244,1.6885629458383506,1.7667657136917114
245,1.7969922987900115,2.4050979614257812
246,1.9320705620632392,1.5192441940307617
247,1.7415676068724943,1.5687052011489868
248,1.6669647227681823,1.2913318872451782
249,1.6960935270399584,1.4976942539215088
250,1.7055701714875844,1.346585988998413
251,1.7226796841974683,1.643545150756836
252,1.727883027418165,1.4277814626693726
253,1.8245322580188572,1.7389914989471436
254,1.833190946326907,2.0839316844940186
255,1.796429964605216,1.251784324645996
256,1.6158867375488801,1.2559008598327637
257,1.6985419625323155,1.2516430616378784
258,1.730685421357787,2.2128002643585205
259,1.8055359719512842,1.264160394668579
260,1.6767260736592253,1.3494914770126343
261,1.6606348846547834,1.563049554824829
262,1.651533690270396,1.4331294298171997
263,1.7762182581458132,1.3729397058486938
264,1.7174195044032086,1.2806111574172974
265,1.6448965845558707,1.3338851928710938
266,1.5947686403715282,1.5460699796676636
267,1.664860666920101,1.5411605834960938
268,1.61703538593885,1.238972544670105
269,1.710933787373003,2.236372232437134
270,1.806644016616479,1.5330983400344849
271,1.6560650682468436,1.2333852052688599
272,1.6286541338104412,1.278297781944275
273,1.638831100609,1.2387771606445312
274,1.6423584929837864,2.006826162338257
275,1.8561702628206338,1.650277853012085
276,1.6814143908802013,1.2335045337677002
277,1.6440893353392327,1.7718912363052368
278,1.9475945018031953,1.9876285791397095
279,1.681066536072688,1.5880870819091797
280,1.6961307967716472,1.2800029516220093
281,1.5861087935802505,1.3599827289581299
282,1.660685278245531,1.8298797607421875
283,1.6492774480335417,1.2838497161865234
284,1.6232382362730082,1.238722562789917
285,1.6851042259393523,1.3875776529312134
286,1.7129412265983066,2.6547536849975586
287,1.8029012472857748,1.945618748664856
288,1.8104313912752585,1.26388418674469
289,1.7210926598532466,1.9562302827835083
290,1.7396458475218328,1.4159421920776367
291,1.6028545686708817,1.7443910837173462
292,1.6521900581463749,1.5927237272262573
293,1.7575555046797275,1.9196263551712036
294,1.8239259148388802,2.1401593685150146
295,1.7387631175801617,1.3636921644210815
296,1.6610636700617585,1.275586724281311
297,1.6810626001610105,1.3556084632873535
298,1.6492808074248424,1.2259986400604248
299,1.6578599931623728,1.4474809169769287
300,1.7624647599198506,1.6532013416290283
301,1.745833329596804,1.2241581678390503
302,1.5915788025391975,1.2191230058670044
303,1.6437666056201035,1.6127517223358154
304,1.6054951042282997,1.5996330976486206
305,1.6216302609796949,1.3460197448730469
306,1.563466845725506,1.654970645904541
307,1.674574776272512,1.2161047458648682
308,1.6107849034491566,1.2937332391738892
309,1.652809092651905,1.2150033712387085
310,1.6632244165391505,1.5296430587768555
311,1.6630704527527607,1.3116519451141357
312,1.686940453794416,1.2082957029342651
313,1.6637825466510434,1.250462532043457
314,1.648404694290986,1.2335255146026611
315,1.6622320242199269,1.2123535871505737
316,1.6686777465096176,1.3305364847183228
317,1.6670641286591792,2.0789687633514404
318,1.7153325851888814,1.2870323657989502
319,1.6182171817202067,1.2055226564407349
320,1.6296668598353028,1.6060892343521118
321,1.6566045144867505,1.413450837135315
322,1.6048708263281874,1.7891895771026611
323,1.8088779870061145,2.075213670730591
324,1.7682843107102058,1.9563708305358887
325,1.6835480683987074,1.415459156036377
326,1.634098911027599,1.2008748054504395
327,1.5900988658523865,1.58676278591156
328,1.5932867766190493,1.198715329170227
329,1.6313659854063187,1.2212584018707275
330,1.6295434127676998,1.2299906015396118
331,1.624181772357328,1.2615470886230469
332,1.655678706069827,2.1295969486236572
333,1.6547751292544552,1.2236073017120361
334,1.6225002922914389,1.3910057544708252
335,1.6043775993010307,1.1853032112121582
336,1.6785345909162956,1.474808931350708
337,1.8040997777693646,2.062922954559326
338,1.7692299458232936,1.1938965320587158
339,1.647350681701755,1.2192965745925903
340,1.570102686924031,1.328704595565796
341,1.6346599425035904,1.500381350517273
342,1.6278021711323516,1.7709293365478516
343,1.7446589380633988,1.6176393032073975
344,1.6742269195076176,1.4582041501998901
345,1.6028752786711211,1.5302180051803589
346,1.7085652843111747,1.3492168188095093
347,1.621769801826538,1.1797163486480713
348,1.8479926932750819,1.9765205383300781
349,1.762333375289529,1.761506199836731
350,1.69772924878476,1.403433918952942
351,1.6413811122507012,1.1927064657211304
352,1.5565217220167376,1.2178668975830078
353,1.6384932923708433,1.6817888021469116
354,1.595323550209409,1.7652894258499146
355,1.6639757360226162,1.753352165222168
356,1.7711455074366829,1.566623330116272
357,1.7156185475549175,1.4114952087402344
358,1.649004844698755,1.233408808708191
359,1.6276874124502534,1.3041434288024902
360,1.6353958678522442,1.2985607385635376
361,1.5750151638226553,1.4006423950195312
362,1.6259561596653869,1.3791179656982422
363,1.7113940593572823,1.9114733934402466
364,1.713670954878062,1.6344537734985352
365,1.6156800874099762,1.4521434307098389
366,1.6630379987517308,1.481170654296875
367,1.5931488544787222,1.180523157119751
368,1.564518739091524,1.295216679573059
369,1.6740975236243423,2.4780585765838623
370,1.6081315331999473,1.2086679935455322
371,1.5634533734048515,1.1901113986968994
372,1.6271672178183645,1.2505803108215332
373,1.757045400443438,2.2387545108795166
374,1.652035240607592,1.9924722909927368
375,1.6549920496293244,2.185621976852417
376,1.6740356679911799,1.978894591331482
377,1.610596566568817,1.1851584911346436
378,1.6212122164395126,1.2117950916290283
379,1.5683018301408864,1.2207658290863037
380,1.5599513565200207,1.163004994392395
381,1.6013615921014397,1.1562528610229492
382,1.6445756740077382,1.1595144271850586
383,1.5504127147916702,1.3887913227081299
384,1.5835652431106872,1.2090169191360474
385,1.6626003380532164,1.4023014307022095
386,1.614100816825604,1.1548469066619873
387,1.6282665080722447,1.8712241649627686
388,1.7095812563901909,1.491348385810852
389,1.5869110844161065,2.056257724761963
390,1.6585743298853308,1.856138825416565
391,1.702451408649379,1.1517482995986938
392,1.6089667354434025,1.1906901597976685
393,1.5826177355476414,1.618279218673706
394,1.731603057278506,1.253800868988037
395,1.6718665346127297,1.251969575881958
396,1.5598938925819106,1.1479651927947998
397,1.613591754536749,1.157348394393921
398,1.6132692772243136,1.2198580503463745
399,1.5758812907795263,1.2762460708618164
400,1.7049776707165327,1.6004657745361328
401,1.6000682069723444,1.3074239492416382
402,1.6377829306594458,2.122951030731201
403,1.6450741692070585,1.8982895612716675
404,1.6852040554362868,1.4289857149124146
405,1.6658011125859424,1.234297513961792
406,1.6154249594313743,1.5802136659622192
407,1.6068407730622725,1.1486139297485352
408,1.600944606313526,1.4187155961990356
409,1.5942718358244188,1.1328727006912231
410,1.595862390281775,1.1364845037460327
411,1.6419770760587755,2.1913366317749023
412,1.7548176045889468,1.83734130859375
413,1.6070781957162683,1.1418614387512207
414,1.5369365082581519,1.2773375511169434
415,1.6190278118115977,1.5171971321105957
416,1.7108122874700311,1.5403845310211182
417,1.5980488160251378,1.1263556480407715
418,1.5787655255963529,1.1758826971054077
419,1.62576335627984,1.6002031564712524
420,1.6072946828892578,1.858793020248413
421,1.6062991110190994,1.2062759399414062
422,1.540901818130319,1.362758994102478
423,1.529885125150669,1.133338212966919
424,1.599507944556203,1.1883094310760498
425,1.6149026774672637,2.136481285095215
426,1.818703037860826,2.580721855163574
427,1.832782383627733,1.2481751441955566
428,1.6281838563618107,1.1738996505737305
429,1.5793419629991843,1.1449472904205322
430,1.5742747380249396,1.704975962638855
431,1.5633998705856695,1.19414484500885
432,1.523104266400427,1.1239229440689087
433,1.5759478745386035,1.6630133390426636
434,1.6264176449873087,1.2781705856323242
435,1.6733966859570015,1.1601811647415161
436,1.5620453048334821,1.385427713394165
437,1.5900345166587906,1.1441335678100586
438,1.5454089776678088,1.1298099756240845
439,1.5817742668536838,1.1086307764053345
440,1.597090292225182,1.3153812885284424
441,1.5817885948841124,1.3591324090957642
442,1.6433707446540218,1.822096586227417
443,1.7433540155088418,1.2831882238388062
444,1.5823740213930393,1.1284863948822021
445,1.5849722279135017,1.5806658267974854
446,1.730285834492709,1.3251291513442993
447,1.5615964837679637,1.2348436117172241
448,1.552843992691972,1.2643576860427856
449,1.5848308825521504,1.1128225326538086
450,1.586909818706581,1.7835438251495361
451,1.7043584012297759,1.1363911628723145
452,1.5540914876870646,1.7672158479690552
453,1.5619751244103093,1.7482231855392456
454,1.6732050663574152,1.5623209476470947
455,1.6254211999819095,1.1486350297927856
456,1.5419584296443818,1.1036717891693115
457,1.589319527698222,1.209002137184143
458,1.606160414328707,1.458730697631836
459,1.5453136602687416,1.2140018939971924
460,1.5673107632074443,1.2937551736831665
461,1.5564362231759867,1.1123249530792236
462,1.551378208205468,1.1312774419784546
463,1.6275621209089213,1.578154444694519
464,1.569343830186174,1.19211745262146
465,1.5959942987264037,1.8825863599777222
466,1.584282941898442,1.099549412727356
467,1.501294087637984,1.512102484703064
468,1.6047856876933198,1.3173835277557373
469,1.5930908158821346,1.3439252376556396
470,1.502965513591438,1.2192296981811523
471,1.6836135089516784,2.05413818359375
472,1.6659560369213533,1.1691105365753174
473,1.6715605788389396,1.635031819343567
474,1.6252036414530262,1.6467288732528687
475,1.6205367953671328,1.0920040607452393
476,1.5551482321598264,1.0982608795166016
477,1.6416854442096873,1.146422266960144
478,1.5343727302589463,1.1234149932861328
479,1.6235856321462403,1.6777892112731934
480,1.575732489562197,1.1525003910064697
481,1.5973793546056385,1.1003655195236206
482,1.5146301074843431,1.0849093198776245
483,1.5118956861851165,1.0976922512054443
484,1.5929896006070474,1.1277320384979248
485,1.552907060516993,1.099570631980896
486,1.5472525858048396,1.1487287282943726
487,1.5185734689068593,1.118953824043274
488,1.532472933441532,1.1081091165542603
489,1.537885972868217,1.238450050354004
490,1.5455981433319959,1.5736569166183472
491,1.6695898362145598,1.2766695022583008
492,1.6106412515288886,1.3522801399230957
493,1.5306513070773735,1.0642703771591187
494,1.6004010620812297,1.7076512575149536
495,1.652266463471452,1.3425846099853516
496,1.5764988170512255,1.4066728353500366
497,1.545226697593295,1.113340139389038
498,1.5223899017967222,1.5316262245178223
499,1.5967049071155741,1.6197184324264526
500,1.586434585407442,1.0709956884384155
501,1.5687304137943743,1.666960597038269
502,1.6213018882260306,1.3104127645492554
503,1.5330135295235447,1.0772725343704224
504,1.5311316979327678,1.0859893560409546
505,1.5261518030010035,1.1176890134811401
506,1.5403709138065136,1.5081045627593994
507,1.5591382732093453,1.0955778360366821
508,1.454630050365095,2.091320753097534
509,1.7001566940371782,1.7610588073730469
510,1.6146390897825713,1.2350530624389648
511,1.5631210055406637,1.0902217626571655
512,1.5307275091689923,1.469680666923523
513,1.5920522597774678,1.0571614503860474
514,1.548532608942743,1.0521490573883057
515,1.5449149254373804,1.1165361404418945
516,1.55358693907153,1.9592478275299072
517,1.5471671596258987,1.0790623426437378
518,1.5103650933797712,1.3094481229782104
519,1.5466917550320334,1.1899536848068237
520,1.545634491805511,1.0727183818817139
521,1.519220138102185,1.6169933080673218
522,1.5468442040918158,1.144948124885559
523,1.5436643556828589,1.6960636377334595
524,1.619004678000533,1.104977011680603
525,1.5212872450858725,1.3196731805801392
526,1.5350382814036878,1.0431880950927734
527,1.5423182636726174,1.5294636487960815
528,1.5843834795854452,2.120896577835083
529,1.7114013547557423,1.7771021127700806
530,1.5531928297229227,1.0375996828079224
531,1.5502443704120055,1.1660796403884888
532,1.5345282198478567,1.4441286325454712
533,1.627078234934549,1.1852163076400757
534,1.5435011284705586,1.6987725496292114
535,1.661334010950317,2.0676310062408447
536,1.5433168442763947,1.0798394680023193
537,1.5201616323514608,1.053615927696228
538,1.4836917638683205,1.3015995025634766
539,1.5502581822666877,1.1597334146499634
540,1.544911113318129,2.0527029037475586
541,1.5624353952488041,1.500488042831421
542,1.5059457503656029,1.1745423078536987
543,1.5295593211972622,1.3261582851409912
544,1.566073834442548,1.481045126914978
545,1.6255360913840016,1.6359610557556152
546,1.6273036336822417,1.1197104454040527
547,1.5324817714950874,1.0446174144744873
548,1.5195245674528215,1.0226184129714966
549,1.618577480602608,1.0499252080917358
550,1.4814304874379682,1.1239948272705078
551,1.6077179693917918,1.1315747499465942
552,1.5654765364166063,1.0881508588790894
553,1.501797326717751,1.0626606941223145
554,1.616127876219484,1.2552452087402344
555,1.5503889216295852,1.4626595973968506
556,1.5044664479657845,1.5610159635543823
557,1.5730552972198535,1.0799421072006226
558,1.5345589464838427,1.0484824180603027
559,1.4891119932813266,1.1098583936691284
560,1.5708525071967159,1.171327829360962
561,1.5076343895771238,2.1379520893096924
562,1.6067998868062299,1.602735161781311
563,1.6884817456454337,1.5690081119537354
564,1.5228657634152285,1.011715054512024
565,1.5008953900923478,1.0192837715148926
566,1.449401787628782,1.0193514823913574
567,1.5172037573208272,1.8457814455032349
568,1.5373377259082206,1.1552832126617432
569,1.481052848640613,1.3169382810592651
570,1.5147933335986001,1.3748396635055542
571,1.5837793440450225,1.1205835342407227
572,1.4901072560284774,1.2410365343093872
573,1.6002851080121065,1.2050879001617432
574,1.5168558912941776,1.6129462718963623
575,1.5284238948218576,1.1416524648666382
576,1.4709773398801522,1.0355288982391357
577,1.6084296662281359,1.7632160186767578
578,1.5290618020150486,0.9975377321243286
579,1.5476392972073079,1.0437504053115845
580,1.5962381158106127,1.2452548742294312
581,1.4694709062671776,1.458842396736145
582,1.5685844766076775,1.0781784057617188
583,1.4968306053911729,1.0159599781036377
584,1.5094651725228232,1.0044050216674805
585,1.4504932553757655,1.521314263343811
586,1.5808117640796642,1.928011417388916
587,1.5124524671362074,1.0060213804244995
588,1.503405679308227,0.9883481860160828
589,1.5184647991602833,1.2191847562789917
590,1.488141019009188,1.018212914466858
591,1.5680299773424398,1.2222546339035034
592,1.5529431808839858,1.1876122951507568
593,1.4831957807529437,1.0422905683517456
594,1.5551039296052052,0.987746000289917
595,1.5027253046291658,1.0125638246536255
596,1.5053837758137982,1.2579596042633057
597,1.526214771238288,1.342738389968872
598,1.5147021298032308,1.1061843633651733
599,1.4848131145722492,0.9902920126914978
600,1.4592017067113685,1.0674681663513184
601,1.4887210682577547,1.4673266410827637
602,1.542459231020691,1.0341448783874512
603,1.4834709867363602,0.9750341773033142
604,1.4973388492082376,1.0014559030532837
605,1.4856755613660069,1.019463300704956
606,1.5070040599794736,1.1740423440933228
607,1.531535561580299,0.9883208870887756
608,1.4645157097624357,1.6480265855789185
609,1.708932298013674,1.2976723909378052
610,1.483395522100046,1.0750048160552979
611,1.4382295605178637,1.1563879251480103
612,1.4872238541967067,0.9932888746261597
613,1.465034244535062,1.0793646574020386
614,1.4685465739066477,1.0237003564834595
615,1.440568825269538,1.0381962060928345
616,1.4327822146436717,1.101505994796753
617,1.4914871870540456,1.3938905000686646
618,1.5116878271007423,1.8080099821090698
619,1.5303192266140357,1.0158767700195312
620,1.4970789131375375,1.2033628225326538
621,1.5326657824197387,1.1029613018035889
622,1.534321209121142,1.1404201984405518
623,1.4512916734612937,0.9835374355316162
624,1.507832341495876,1.462016224861145
625,1.6059732895447438,0.9846695065498352
626,1.505054366793879,0.9636207222938538
627,1.4487912455319307,1.1300196647644043
628,1.477465109964538,1.1675869226455688
629,1.4791870710608193,1.2417433261871338
630,1.4781577261534031,1.051531434059143
631,1.4972576601867156,0.9705518484115601
632,1.5479404154805407,1.553212285041809
633,1.60221792881041,0.9796750545501709
634,1.486693612565792,1.0262428522109985
635,1.4671683598385843,0.9818164706230164
636,1.5750295853299716,0.9908725023269653
637,1.4263454388750998,1.1833665370941162
638,1.4931171344288072,1.0866479873657227
639,1.4249172462288455,1.400765061378479
640,1.4779900703899946,0.9989073872566223
641,1.5299704764239732,1.7532525062561035
642,1.5899703740882645,0.9619132876396179
643,1.5028200324745622,1.1344432830810547
644,1.4696875745695401,1.1702909469604492
645,1.5056342444135324,1.1495106220245361
646,1.499292169325725,0.9809090495109558
647,1.5000440440848202,1.288419485092163
648,1.4610869105835176,1.0100395679473877
649,1.4704861339207025,0.9406945705413818
650,1.4883450335104274,1.032243013381958
651,1.4623228809477378,0.9513165354728699
652,1.4613478410038703,0.9740363359451294
653,1.4212245046973084,1.0906225442886353
654,1.4865574172653577,1.0269749164581299
655,1.4603509622236992,1.1203620433807373
656,1.5375867231301799,1.347507357597351
657,1.4828946953255222,1.032556414604187
658,1.5015088239573553,1.1365821361541748
659,1.4617300150057388,1.0638350248336792
660,1.4285974261471401,1.175410270690918
661,1.4723380564402044,0.9714478254318237
662,1.457949864372617,1.0054556131362915
663,1.4484623377448231,0.9778512716293335
664,1.5024087264340165,1.2274593114852905
665,1.4918119505877299,1.9606261253356934
666,1.5933763963678718,1.9632164239883423
667,1.6150377784961216,1.0563570261001587
668,1.5216834254870188,1.6708779335021973
669,1.4898647221270016,1.4305675029754639
670,1.5353147819321968,0.9367933869361877
671,1.4971541600748688,0.9681180119514465
672,1.472285231543294,0.9325978755950928
673,1.5447090329482263,1.3366529941558838
674,1.5155031208902252,0.947381317615509
675,1.4751791759257227,0.9668791890144348
676,1.431050446828843,1.1486293077468872
677,1.4503704989295412,1.0758285522460938
678,1.4746583957504071,0.9213194251060486
679,1.4766106400243464,0.9933942556381226
680,1.4808987148007633,0.9470260739326477
681,1.455625274442032,0.9131630063056946
682,1.5088128071094828,1.2461235523223877
683,1.4647484805806428,0.9166311025619507
684,1.501871439424285,0.9172971844673157
685,1.4288381315203824,0.934608519077301
686,1.4812022951253663,0.9973793029785156
687,1.4260927191437556,0.9117040038108826
688,1.4840839014179381,1.5385985374450684
689,1.5903571376716512,0.9194437861442566
690,1.4067396147994935,0.9147931337356567
691,1.4756945846173397,0.9334522485733032
692,1.4751571066435882,0.9149454236030579
693,1.4645083438027702,1.0602988004684448
694,1.4526158774619968,0.9547551870346069
695,1.4543728586860691,1.1764030456542969
696,1.4389366050410088,0.9229108691215515
697,1.4687804088718566,1.0709608793258667
698,1.4268589148676105,0.9164271354675293
699,1.44866442732874,1.0768206119537354
700,1.4904862859987191,0.901357889175415
701,1.42837981123613,1.5519458055496216
702,1.4665300027819028,1.037660002708435
703,1.4364907579227213,1.0400753021240234
704,1.4577559946439818,0.919722318649292
705,1.4360083109577226,0.915340781211853
706,1.4695833328489212,1.4632529020309448
707,1.4698469198652397,0.920859694480896
708,1.4325473348665676,1.1334224939346313
709,1.5099956188671675,0.9530547261238098
710,1.476793266221147,0.9679840803146362
711,1.4254298627877837,1.0479744672775269
712,1.4533877302085012,1.120816946029663
713,1.4262516047413176,1.0085854530334473
714,1.40904484241067,1.09883713722229
715,1.4280255862030928,1.0042873620986938
716,1.4389966369200382,1.0432121753692627
717,1.4801317128745566,1.0335335731506348
718,1.4613778805035709,1.025155782699585
719,1.4567722010049144,1.259965181350708
720,1.4762698763792734,0.8970530033111572
721,1.4816307309249614,1.1924570798873901
722,1.488481262563752,1.2729711532592773
723,1.466389946332205,0.9303120374679565
724,1.4835657774566602,1.172313928604126
725,1.4222742496703595,0.9718766212463379
726,1.4811841146822782,0.9031639099121094
727,1.3949422336455388,0.8898837566375732
728,1.4387708966809365,0.9625611901283264
729,1.4645175306521085,1.3677881956100464
730,1.483922307473161,0.9271486401557922
731,1.434911979548111,1.1339921951293945
732,1.3924734122188844,0.9428221583366394
733,1.4202171656242313,1.06381356716156
734,1.4743617036889733,0.9628940224647522
735,1.4241206705641833,0.9080313444137573
736,1.4386957010174446,0.933914840221405
737,1.4342938572777049,0.9692788124084473
738,1.407598423012553,0.9040423631668091
739,1.4339404813184422,0.9913005232810974
740,1.4440952265888012,1.4468134641647339
741,1.5489769550051553,1.0511523485183716
742,1.4751877061452778,0.9229947924613953
743,1.4935219967704225,0.9606945514678955
744,1.4380007063239681,0.9428209066390991
745,1.4254928392365211,0.9287550449371338
746,1.393608722392683,0.9036743640899658
747,1.4279197080640444,0.9499658942222595
748,1.386055038029736,0.8813467621803284
749,1.4363554802044038,0.9045763611793518
750,1.51179906774818,0.9751817584037781
751,1.4781654606258865,1.3151990175247192
752,1.5350217164684687,0.9090316295623779
753,1.4060627231609357,1.0166990756988525
754,1.4787448320476637,1.045215368270874
755,1.424289537278184,0.9989244341850281
756,1.4565208148230635,1.2637875080108643
757,1.4582554629482076,0.9471320509910583
758,1.4936913029403747,1.3137900829315186
759,1.5112095225750086,1.0079267024993896
760,1.4090000422038123,0.8962217569351196
761,1.446720021650416,0.925954282283783
762,1.5543469493752917,1.2799992561340332
763,1.4394353321661317,1.0024607181549072
764,1.4371639566513172,1.1314492225646973
765,1.508946550240935,0.9188888669013977
766,1.438959969966279,0.8871833682060242
767,1.4470270934656806,1.139115571975708
768,1.4740039965225116,0.8991119861602783
769,1.3960201607067488,0.8866199254989624
770,1.5029292648966235,0.9108837246894836
771,1.4702694323906003,1.0117483139038086
772,1.4025836984873485,1.1877892017364502
773,1.476086053506441,1.200724720954895
774,1.4215085949953146,1.0288684368133545
775,1.4208683272003888,0.9396190047264099
776,1.3941628190580253,0.9906059503555298
777,1.455445085232574,0.8793423771858215
778,1.444013777951694,0.9018628597259521
779,1.3863035638092707,1.294272541999817
780,1.506583212182958,0.892436683177948
781,1.4185618765124044,0.9022625684738159
782,1.437339319292908,0.9150726795196533
783,1.5272305302014577,1.4807723760604858
784,1.395768621944646,0.905624270439148
785,1.470512801759664,0.8831947445869446
786,1.4386626513518952,0.8947798013687134
787,1.4360874070613252,0.9110455513000488
788,1.4109167229141004,0.9121017456054688
789,1.4667058147618328,0.9790036678314209
790,1.4390480827225367,0.8926259279251099
791,1.4302838407710499,0.8829158544540405
792,1.386047896405053,1.0254369974136353
793,1.4177299747001089,0.9586368203163147
794,1.3890920338938129,0.9089996814727783
795,1.4177564418358855,0.8946830630302429
796,1.376875629318109,0.8985304236412048
797,1.3878397257460753,0.925855815410614
798,1.5228187079232933,1.126922607421875
799,1.4241385007792584,0.8988842368125916
800,1.41315137991487,1.1915366649627686
801,1.4134085534523142,0.9004387259483337
802,1.452701563399746,0.8953008651733398
803,1.439188354436426,0.9334068894386292
804,1.4446874985849567,0.8811418414115906
805,1.403243262384909,0.8928459286689758
806,1.4285151403715097,0.8821744322776794
807,1.4119079900733176,0.8762514591217041
808,1.417544741605729,1.1786272525787354
809,1.5077648445468546,0.896500825881958
810,1.4273858256086045,0.9430497884750366
811,1.4121458741918678,0.904750645160675
812,1.4030390804082238,1.1146552562713623
813,1.4350330792382378,0.9693781137466431
814,1.4176651264220463,1.0522809028625488
815,1.463430974642945,0.938216507434845
816,1.4082445196022642,0.9262176156044006
817,1.4802068048923265,0.8888904452323914
818,1.3992757234374762,0.8886287808418274
819,1.4217358787488499,0.9187946915626526
820,1.4533371674236317,1.0028938055038452
821,1.4446884824315882,1.0627955198287964
822,1.4285870649168193,0.9840618371963501
823,1.3818085227530146,0.9137940406799316
824,1.5017386046131944,0.9072635769844055
825,1.412490667798398,0.932465672492981
826,1.400527426515716,0.8780184388160706
827,1.4635865443890028,0.8748857378959656
828,1.4541100652207362,1.1164875030517578
829,1.4369045116923358,0.8736931681632996
830,1.4411241217618185,1.380116581916809
831,1.4683289201344591,0.8809369206428528
832,1.4250853978303322,0.890210747718811
833,1.4572212080693885,1.0227935314178467
834,1.4340440445438976,1.1676322221755981
835,1.4306264980630872,1.1800529956817627
836,1.4497388910664812,0.880354642868042
837,1.3598653912114582,1.1644850969314575
838,1.42902856647467,0.9363628625869751
839,1.5838587259262813,1.7633037567138672
840,1.4550886927101676,1.076310157775879
841,1.4176599489577923,1.3522562980651855
842,1.4351941296994137,1.1071419715881348
843,1.4486462917621965,0.9171643853187561
844,1.4572711800593208,1.0055384635925293
845,1.4117080063451324,0.8794596195220947
846,1.4243862926840638,0.8737365007400513
847,1.4151817294278526,0.9174508452415466
848,1.3834680083946653,0.9268141388893127
849,1.3926293518622495,0.9262675642967224
850,1.4174332845005744,0.9735804200172424
851,1.3812599238463292,0.8903125524520874
852,1.4072991628669766,0.9416266679763794
853,1.4352453515011165,0.9321680665016174
854,1.4832373057358925,1.023341417312622
855,1.4803789856436733,1.1876693964004517
856,1.4611372037749315,0.8992162942886353
857,1.4288190557902272,0.9919747710227966
858,1.3677982937396886,0.8692118525505066
859,1.4215630633285823,0.9006857872009277
860,1.4170679309437835,0.8863610625267029
861,1.4650617679405746,0.8995099067687988
862,1.4098640412963481,0.8876059651374817
863,1.4283284488849082,1.0801607370376587
864,1.4766589615599939,1.1520285606384277
865,1.4027932515658041,0.8769078850746155
866,1.4129011192749537,0.910956859588623
867,1.4007103669915526,0.8950884938240051
868,1.428132280761068,0.8725593686103821
869,1.4221789195244436,1.0717823505401611
870,1.3923399756324257,0.8836628198623657
871,1.4204227633604203,0.8722991943359375
872,1.433237292502086,0.9401978254318237
873,1.4137459951350342,0.8721728920936584
874,1.3735750156925066,0.8679242730140686
875,1.3959264582426585,1.0821036100387573
876,1.4358157713889694,0.8830682635307312
877,1.4491801908315063,0.8893658518791199
878,1.3931026157017083,0.9507818222045898
879,1.416836950890675,0.9640669822692871
880,1.4079892994835226,0.9015360474586487
881,1.4185435698420992,0.8872166275978088
882,1.3960092332203673,1.4060795307159424
883,1.498653969098245,0.8645169734954834
884,1.418269974306005,1.2728053331375122
885,1.4286427187547237,0.8940416574478149
886,1.4269261154404724,0.8645719885826111
887,1.3832327767663541,0.867536723613739
888,1.4538008907483873,1.2921301126480103
889,1.437260324495718,0.9828351736068726
890,1.4238858431112207,0.892830491065979
891,1.3644518806402521,1.0876473188400269
892,1.4532479951512494,0.907198965549469
893,1.4301579307449976,0.9151664972305298
894,1.405311058748709,0.8733360171318054
895,1.4672524021967535,0.8862012028694153
896,1.4377996300906242,1.0589488744735718
897,1.453274794898608,1.1320971250534058
898,1.3995808901479352,0.9601731300354004
899,1.4278475975675204,0.985795259475708
900,1.427260114614802,0.8734466433525085
901,1.4223405360984573,0.8796247243881226
902,1.4029071211194248,0.889909029006958
903,1.3984136940433256,1.0218193531036377
904,1.4456359826425194,0.8819915056228638
905,1.415336698544326,0.8889864683151245
906,1.40134476312027,0.8832436800003052
907,1.4114838119597735,0.8665204644203186
908,1.4111567841179617,0.9711557030677795
909,1.4226755548296903,0.9603598713874817
910,1.411984976358685,0.9069727659225464
911,1.4153285736936447,0.9776809215545654
912,1.4443787767450762,0.8736798763275146
913,1.365766889007272,1.0182511806488037
914,1.432057737540282,0.9323841333389282
915,1.4344172346434405,0.9326738119125366
916,1.4428235020788374,0.9762351512908936
917,1.4026493600811727,0.9777790307998657
918,1.3970509462944736,0.8951955437660217
919,1.3798840821242877,0.8691880702972412
920,1.4085450631215375,0.8757333159446716
921,1.422580238815112,0.9185268878936768
922,1.420850214883715,0.8840917348861694
923,1.373697489130053,0.9066540002822876
924,1.374928260594308,0.9877607226371765
925,1.4303751180875668,1.0238639116287231
926,1.4387187526662397,0.8902413249015808
927,1.4432859680487435,1.3958137035369873
928,1.4255685602420323,0.936363697052002
929,1.4577973728710811,0.9723405241966248
930,1.4114694510835335,0.8949030637741089
931,1.4298881642284706,0.9082604646682739
932,1.4447550313397317,0.9310914278030396
933,1.4110305580941973,1.0537165403366089
934,1.404519807065445,0.9697145819664001
935,1.39103183485672,0.9802042841911316
936,1.3902971280494785,0.8782910704612732
937,1.4417653592720383,0.8697295188903809
938,1.385790334399051,1.1260943412780762
939,1.4426512457534797,0.923126220703125
940,1.4634979694998165,0.8766301870346069
941,1.3963512826261875,0.865238606929779
942,1.4484977032787856,0.889380693435669
943,1.4424688426026546,0.8687164783477783
944,1.3668594206148117,0.8828675150871277
945,1.3907392080850873,0.86329185962677
946,1.4343070647790044,0.995643675327301
947,1.421873757588085,0.8768693804740906
948,1.409573537662691,1.0726343393325806
949,1.5004535428896206,0.9005395174026489
950,1.387287926664341,0.874617338180542
951,1.4181224617616244,0.8809569478034973
952,1.3735796435623109,0.8706654906272888
953,1.4359323892012854,0.8865696787834167
954,1.4342420623929777,1.2365158796310425
955,1.4162264874710004,0.8801527619361877
956,1.4076691749910377,0.9163307547569275
957,1.4132977151660666,0.879770040512085
958,1.3702477097368069,0.8750530481338501
959,1.398887872123031,0.8874132633209229
960,1.4013353289247847,1.0495072603225708
961,1.4059734642863704,0.9154253005981445
962,1.40458569528582,1.262363076210022
963,1.44899409004436,0.8960579037666321
964,1.4546577476433482,0.9593684673309326
965,1.420293613009134,0.9115825891494751
966,1.414066451761691,0.9208073616027832
967,1.4587659585652564,1.0472385883331299
968,1.4617224489635212,1.2732861042022705
969,1.3857761651074643,0.8821805119514465
970,1.400297249275348,0.9068586826324463
971,1.4129320986518203,0.9783202409744263
972,1.410080406729775,0.8655955791473389
973,1.4054574132395306,0.8858781456947327
974,1.3621933838344356,0.8709008097648621
975,1.4092131558064227,0.8845146894454956
976,1.3852431231324178,0.9253038167953491
977,1.3640394621865484,0.897975504398346
978,1.4063142383389822,0.9076513648033142
979,1.3776137639772525,1.1770275831222534
980,1.439242150958271,0.871995210647583
981,1.3743513130788378,1.0088876485824585
982,1.4400141437291432,1.185626745223999
983,1.4663285726444883,0.9916269779205322
984,1.4499035717059385,1.1223118305206299
985,1.3708042686922244,0.9311736226081848
986,1.3866897115814338,1.0606518983840942
987,1.4054092094809425,0.9260878562927246
988,1.4170606201727198,0.8588315844535828
989,1.436516085958118,0.9188900589942932
990,1.3943854552724622,0.8698341846466064
991,1.3935981073234385,1.0491834878921509
992,1.4298153294531593,0.8942354321479797
993,1.428491435768989,0.8600134253501892
994,1.41084316662898,0.8777704834938049
995,1.3812408169890387,0.9657120704650879
996,1.4482279632585164,0.9276231527328491
997,1.4328502797106528,0.8664777874946594
998,1.460517587497514,1.2591865062713623
999,1.4629933933377217,1.0221872329711914
